SNP	CHR	BP	P
5:139947655:C:T	5	139947655	3.6778674119607897e-19
5:141353169:C:T	5	141353169	2.70398857675213e-17
rs141718194	19	48259848	1.2021570343508559e-16
rs6095391	20	47618835	1.6611427110367053e-15
rs1556876	20	47716451	2.424847098080364e-15
rs10485609	20	47665612	2.4316003285883912e-15
rs1983528	20	47686290	2.8755928705289148e-15
rs13036715	20	47817815	3.9652916920434636e-15
rs67777906	20	47557129	4.2195325234030376e-15
rs1115535	20	47590564	1.571121978442144e-14
rs200990814	4	114213580	2.65514364654231e-14
rs1538482	20	47705496	8.067033946219604e-13
rs1569750	20	47603241	8.375976998774158e-13
rs10099728	8	65260306	1.1701792378062054e-12
rs1899048	8	65258742	1.1942748374641314e-12
rs74074958	14	94832655	3.1592467859571107e-12
rs146987511	16	57755652	4.890175449411285e-12
rs6019603	20	47653406	6.649348078018064e-12
rs6019602	20	47651492	6.729953779839297e-12
rs2075676	20	47691211	7.310372206053956e-12
rs6019601	20	47647662	8.329547794962421e-12
rs6019621	20	47679963	8.953411189866028e-12
rs7270848	20	47639737	9.04188180523446e-12
rs1997854	20	47602339	9.110596231280684e-12
rs1983639	20	47572282	9.221217006723023e-12
rs17315206	8	65254172	9.254271248112334e-12
rs12335124	8	65236018	1.217827701794784e-11
rs10104164	8	65250883	1.834613111245077e-11
rs6019545	20	47557014	2.202234422753913e-11
rs16931063	8	65222139	2.3011066599643758e-11
rs1440135	8	65215386	2.3179080941988338e-11
rs1051791	6	31378965	3.1480444790723126e-11
rs3818224	20	47628170	5.7812108218024195e-11
rs6019582	20	47627605	6.465645189898219e-11
rs10090207	8	65206537	6.719821483903632e-11
rs6019581	20	47627572	7.386390826758243e-11
rs6693503	1	19987294	7.462922714912654e-11
rs2075679	20	47701589	1.2696109656363364e-10
rs7533981	1	20014739	1.7611199061507615e-10
rs7527271	1	20014753	1.8909399476818072e-10
rs6012564	20	47541600	2.016531289436432e-10
1:152487914:C:T	1	152487914	2.0753432279426674e-10
rs10917513	1	20006887	2.348130151512342e-10
rs6019512	20	47526007	2.4987219177540817e-10
rs3091529	20	47647068	2.7232768207941634e-10
rs6066968	20	47727341	3.180778713196965e-10
rs6066975	20	47750377	3.3895263313102687e-10
rs3092039	20	47678770	3.545124789204457e-10
rs1883565	1	20008507	3.617555554794045e-10
rs6122763	20	47797653	3.7005650858871487e-10
rs4810898	20	47554392	3.829135945433967e-10
rs7272164	20	47766197	4.185100335124047e-10
rs2273653	20	47770756	4.3456613812268454e-10
rs2075678	20	47701339	4.93064100736319e-10
rs4515815	1	20020994	5.281027626238909e-10
rs6066978	20	47755742	5.83893856865959e-10
rs6095396	20	47627170	6.444747917515597e-10
rs6125539	20	47703810	7.549350624124656e-10
rs149252844	17	80274216	1.4041017392516386e-09
rs298192	8	65272478	1.4507685751564255e-09
rs298191	8	65271861	1.4888837562902243e-09
rs238150	20	47851919	1.5485069477549395e-09
rs11209935	1	72650254	1.5999512926932155e-09
rs13038202	20	47835618	1.982567571901222e-09
5:140263819:G:T	5	140263819	1.995932272151456e-09
rs1997852	20	47526559	2.0816118030664073e-09
rs6012556	20	47528443	2.098929758604659e-09
rs4810890	20	47525457	2.105294249048798e-09
rs2273145	20	47839591	2.143375067562595e-09
rs1997853	20	47526620	2.2052400605119454e-09
rs1567865	20	47881967	2.7871131309923462e-09
rs237743	20	47903019	2.9989664024465047e-09
rs6648	20	47895242	3.506771067568973e-09
20:47841660:G:T	20	47841660	3.519760848384461e-09
rs2050121	1	20016849	3.729009147541025e-09
rs10917518	1	20017738	5.035354899446341e-09
rs4957687	5	106443053	5.575793491781126e-09
rs6512577	20	47865784	6.795477679525207e-09
rs2388357	6	98814598	7.4373516451877745e-09
rs12658379	5	106428845	8.168628923997141e-09
rs2898604	5	106441455	8.314887871808834e-09
rs3748749	1	20018300	8.71909396246461e-09
rs12125336	1	72692630	9.33555972099933e-09
rs12117225	1	72640353	9.667120251843571e-09
rs2298152	1	72654730	1.0770703114740897e-08
rs2153929	1	72658214	1.1377354198924978e-08
rs896302	6	98806496	1.1464643601960717e-08
rs1126058	8	43054553	1.817295414942208e-08
rs980899	6	98819800	1.8797531560679073e-08
rs4370753	1	91088884	2.3562884332901352e-08
rs17589316	1	72619339	2.3692030617634612e-08
rs16917522	8	53136442	2.4847834906454345e-08
rs16917539	8	53141715	2.52937879722507e-08
rs9309882	3	81984281	2.533193692104971e-08
rs4074067	8	53137329	2.6266068675683307e-08
rs6995508	8	53140966	2.66091356526088e-08
rs12155844	8	53129669	2.7895292197389815e-08
rs6548786	3	81997510	2.9108044027841112e-08
11:19186693:G:T	11	19186693	2.9705415947836522e-08
rs9309883	3	82014428	2.9756774963236157e-08
rs7620422	3	81999023	3.1028364857681444e-08
rs6012542	20	47477706	3.6909699423478e-08
rs4465962	3	82005704	3.6934287803533227e-08
rs2304365	8	53130213	3.723807835566678e-08
rs1130146	20	47859217	3.810714171653826e-08
rs4465966	3	82009703	3.9471606642962214e-08
rs76441558	1	91042852	4.20194814167789e-08
rs12143898	1	72826172	4.269529048427493e-08
rs6012544	20	47488807	4.341118106353048e-08
rs6548788	3	82005088	4.345182529164183e-08
rs4301023	3	85057281	4.6801469203494673e-08
rs3101338	1	72750353	4.9408532238943295e-08
