locus_id	SNP	CHR	BP	P	method
locus_0001_chr1_19987294	rs6693503	1	19987294	7.462922714912654e-11	distance
locus_0002_chr1_72650254	rs11209935	1	72650254	1.5999512926932155e-09	distance
locus_0003_chr1_91088884	rs4370753	1	91088884	2.3562884332901352e-08	distance
locus_0004_chr1_152487914	1:152487914:C:T	1	152487914	2.0753432279426674e-10	distance
locus_0005_chr3_81984281	rs9309882	3	81984281	2.533193692104971e-08	distance
locus_0006_chr3_85057281	rs4301023	3	85057281	4.6801469203494673e-08	distance
locus_0007_chr4_114213580	rs200990814	4	114213580	2.65514364654231e-14	distance
locus_0008_chr5_106443053	rs4957687	5	106443053	5.575793491781126e-09	distance
locus_0009_chr5_139947655	5:139947655:C:T	5	139947655	3.6778674119607897e-19	distance
locus_0010_chr5_141353169	5:141353169:C:T	5	141353169	2.70398857675213e-17	distance
locus_0011_chr6_31378965	rs1051791	6	31378965	3.1480444790723126e-11	distance
locus_0012_chr6_98814598	rs2388357	6	98814598	7.4373516451877745e-09	distance
locus_0013_chr8_43054553	rs1126058	8	43054553	1.817295414942208e-08	distance
locus_0014_chr8_53136442	rs16917522	8	53136442	2.4847834906454345e-08	distance
locus_0015_chr8_65260306	rs10099728	8	65260306	1.1701792378062054e-12	distance
locus_0016_chr11_19186693	11:19186693:G:T	11	19186693	2.9705415947836522e-08	distance
locus_0017_chr14_94832655	rs74074958	14	94832655	3.1592467859571107e-12	distance
locus_0018_chr16_57755652	rs146987511	16	57755652	4.890175449411285e-12	distance
locus_0019_chr17_80274216	rs149252844	17	80274216	1.4041017392516386e-09	distance
locus_0020_chr19_48259848	rs141718194	19	48259848	1.2021570343508559e-16	distance
locus_0021_chr20_47618835	rs6095391	20	47618835	1.6611427110367053e-15	distance
